PC-001;192.168.1.1;CN=Domain Computers,CN=Users;DC=topcall,DC=inc;topcall.inc
PC-002;192.168.1.2;CN=Domain Computers,CN=Users;DC=topcall,DC=inc;topcall.inc
PC-003;192.168.1.3;CN=Domain Computers,CN=Users;DC=topcall,DC=inc;topcall.inc
PC-004;192.168.1.4;CN=Domain Computers,CN=Users;DC=topcall,DC=inc;topcall.inc
PC-005;192.168.1.5;CN=Domain Computers,CN=Users;DC=topcall,DC=inc;topcall.inc
PC-006;192.168.1.6;CN=Domain Computers,CN=Users;DC=topcall,DC=inc;topcall.inc
PC-007;192.168.1.7;CN=Domain Computers,CN=Users;DC=topcall,DC=inc;topcall.inc
PC-008;192.168.1.8;CN=Domain Computers,CN=Users;DC=topcall,DC=inc;topcall.inc
PC-009;192.168.1.9;CN=Domain Computers,CN=Users;DC=topcall,DC=inc;topcall.inc
PC-010;192.168.1.10;CN=Domain Computers,CN=Users;DC=topcall,DC=inc;topcall.inc
PC-011;192.168.1.11;CN=Domain Computers,CN=Users;DC=topcall,DC=inc;topcall.inc
PC-012;192.168.1.12;CN=Domain Computers,CN=Users;DC=topcall,DC=inc;topcall.inc
PC-013;192.168.1.13;CN=Domain Computers,CN=Users;DC=topcall,DC=inc;topcall.inc
PC-014;192.168.1.14;CN=Domain Computers,CN=Users;DC=topcall,DC=inc;topcall.inc
PC-015;192.168.1.15;CN=Domain Computers,CN=Users;DC=topcall,DC=inc;topcall.inc
PC-016;192.168.1.16;CN=Domain Computers,CN=Users;DC=topcall,DC=inc;topcall.inc
PC-017;192.168.1.17;CN=Domain Computers,CN=Users;DC=topcall,DC=inc;topcall.inc
PC-018;192.168.1.18;CN=Domain Computers,CN=Users;DC=topcall,DC=inc;topcall.inc
PC-019;192.168.1.19;CN=Domain Computers,CN=Users;DC=topcall,DC=inc;topcall.inc
PC-020;192.168.1.20;CN=Domain Computers,CN=Users;DC=topcall,DC=inc;topcall.inc
PC-021;192.168.1.21;CN=Domain Computers,CN=Users;DC=topcall,DC=inc;topcall.inc
PC-022;192.168.1.22;CN=Domain Computers,CN=Users;DC=topcall,DC=inc;topcall.inc
PC-023;192.168.1.23;CN=Domain Computers,CN=Users;DC=topcall,DC=inc;topcall.inc
PC-024;192.168.1.24;CN=Domain Computers,CN=Users;DC=topcall,DC=inc;topcall.inc
PC-025;192.168.1.25;CN=Domain Computers,CN=Users;DC=topcall,DC=inc;topcall.inc
PC-026;192.168.1.26;CN=Domain Computers,CN=Users;DC=topcall,DC=inc;topcall.inc
PC-027;192.168.1.27;CN=Domain Computers,CN=Users;DC=topcall,DC=inc;topcall.inc
PC-028;192.168.1.28;CN=Domain Computers,CN=Users;DC=topcall,DC=inc;topcall.inc
PC-029;192.168.1.29;CN=Domain Computers,CN=Users;DC=topcall,DC=inc;topcall.inc
PC-030;192.168.1.30;CN=Domain Computers,CN=Users;DC=topcall,DC=inc;topcall.inc
PC-031;192.168.1.31;CN=Domain Computers,CN=Users;DC=topcall,DC=inc;topcall.inc
PC-032;192.168.1.32;CN=Domain Computers,CN=Users;DC=topcall,DC=inc;topcall.inc
PC-033;192.168.1.33;CN=Domain Computers,CN=Users;DC=topcall,DC=inc;topcall.inc
PC-034;192.168.1.34;CN=Domain Computers,CN=Users;DC=topcall,DC=inc;topcall.inc
PC-035;192.168.1.35;CN=Domain Computers,CN=Users;DC=topcall,DC=inc;topcall.inc
PC-036;192.168.1.36;CN=Domain Computers,CN=Users;DC=topcall,DC=inc;topcall.inc
PC-037;192.168.1.37;CN=Domain Computers,CN=Users;DC=topcall,DC=inc;topcall.inc
PC-038;192.168.1.38;CN=Domain Computers,CN=Users;DC=topcall,DC=inc;topcall.inc
PC-039;192.168.1.39;CN=Domain Computers,CN=Users;DC=topcall,DC=inc;topcall.inc
PC-040;192.168.1.40;CN=Domain Computers,CN=Users;DC=topcall,DC=inc;topcall.inc
PC-041;192.168.1.41;CN=Domain Computers,CN=Users;DC=topcall,DC=inc;topcall.inc
PC-042;192.168.1.42;CN=Domain Computers,CN=Users;DC=topcall,DC=inc;topcall.inc
PC-043;192.168.1.43;CN=Domain Computers,CN=Users;DC=topcall,DC=inc;topcall.inc
PC-044;192.168.1.44;CN=Domain Computers,CN=Users;DC=topcall,DC=inc;topcall.inc
PC-045;192.168.1.45;CN=Domain Computers,CN=Users;DC=topcall,DC=inc;topcall.inc
PC-046;192.168.1.46;CN=Domain Computers,CN=Users;DC=topcall,DC=inc;topcall.inc
PC-047;192.168.1.47;CN=Domain Computers,CN=Users;DC=topcall,DC=inc;topcall.inc
PC-048;192.168.1.48;CN=Domain Computers,CN=Users;DC=topcall,DC=inc;topcall.inc
PC-049;192.168.1.49;CN=Domain Computers,CN=Users;DC=topcall,DC=inc;topcall.inc
PC-050;192.168.1.50;CN=Domain Computers,CN=Users;DC=topcall,DC=inc;topcall.inc
PC-051;192.168.1.51;CN=Domain Computers,CN=Users;DC=topcall,DC=inc;topcall.inc
PC-052;192.168.1.52;CN=Domain Computers,CN=Users;DC=topcall,DC=inc;topcall.inc
PC-053;192.168.1.53;CN=Domain Computers,CN=Users;DC=topcall,DC=inc;topcall.inc
PC-054;192.168.1.54;CN=Domain Computers,CN=Users;DC=topcall,DC=inc;topcall.inc
PC-055;192.168.1.55;CN=Domain Computers,CN=Users;DC=topcall,DC=inc;topcall.inc
PC-056;192.168.1.56;CN=Domain Computers,CN=Users;DC=topcall,DC=inc;topcall.inc
PC-057;192.168.1.57;CN=Domain Computers,CN=Users;DC=topcall,DC=inc;topcall.inc
PC-058;192.168.1.58;CN=Domain Computers,CN=Users;DC=topcall,DC=inc;topcall.inc
PC-059;192.168.1.59;CN=Domain Computers,CN=Users;DC=topcall,DC=inc;topcall.inc
PC-060;192.168.1.60;CN=Domain Computers,CN=Users;DC=topcall,DC=inc;topcall.inc
PC-061;192.168.1.61;CN=Domain Computers,CN=Users;DC=topcall,DC=inc;topcall.inc
PC-062;192.168.1.62;CN=Domain Computers,CN=Users;DC=topcall,DC=inc;topcall.inc
PC-063;192.168.1.63;CN=Domain Computers,CN=Users;DC=topcall,DC=inc;topcall.inc
PC-064;192.168.1.64;CN=Domain Computers,CN=Users;DC=topcall,DC=inc;topcall.inc
PC-065;192.168.1.65;CN=Domain Computers,CN=Users;DC=topcall,DC=inc;topcall.inc
PC-066;192.168.1.66;CN=Domain Computers,CN=Users;DC=topcall,DC=inc;topcall.inc
PC-067;192.168.1.67;CN=Domain Computers,CN=Users;DC=topcall,DC=inc;topcall.inc
PC-068;192.168.1.68;CN=Domain Computers,CN=Users;DC=topcall,DC=inc;topcall.inc
PC-069;192.168.1.69;CN=Domain Computers,CN=Users;DC=topcall,DC=inc;topcall.inc
PC-070;192.168.1.70;CN=Domain Computers,CN=Users;DC=topcall,DC=inc;topcall.inc
PC-071;192.168.1.71;CN=Domain Computers,CN=Users;DC=topcall,DC=inc;topcall.inc
PC-072;192.168.1.72;CN=Domain Computers,CN=Users;DC=topcall,DC=inc;topcall.inc
PC-073;192.168.1.73;CN=Domain Computers,CN=Users;DC=topcall,DC=inc;topcall.inc
PC-074;192.168.1.74;CN=Domain Computers,CN=Users;DC=topcall,DC=inc;topcall.inc
PC-075;192.168.1.75;CN=Domain Computers,CN=Users;DC=topcall,DC=inc;topcall.inc
PC-076;192.168.1.76;CN=Domain Computers,CN=Users;DC=topcall,DC=inc;topcall.inc
PC-077;192.168.1.77;CN=Domain Computers,CN=Users;DC=topcall,DC=inc;topcall.inc
PC-078;192.168.1.78;CN=Domain Computers,CN=Users;DC=topcall,DC=inc;topcall.inc
PC-079;192.168.1.79;CN=Domain Computers,CN=Users;DC=topcall,DC=inc;topcall.inc
PC-080;192.168.1.80;CN=Domain Computers,CN=Users;DC=topcall,DC=inc;topcall.inc
PC-081;192.168.1.81;CN=Domain Computers,CN=Users;DC=topcall,DC=inc;topcall.inc
PC-082;192.168.1.82;CN=Domain Computers,CN=Users;DC=topcall,DC=inc;topcall.inc
PC-083;192.168.1.83;CN=Domain Computers,CN=Users;DC=topcall,DC=inc;topcall.inc
PC-084;192.168.1.84;CN=Domain Computers,CN=Users;DC=topcall,DC=inc;topcall.inc
PC-085;192.168.1.85;CN=Domain Computers,CN=Users;DC=topcall,DC=inc;topcall.inc
PC-086;192.168.1.86;CN=Domain Computers,CN=Users;DC=topcall,DC=inc;topcall.inc
PC-087;192.168.1.87;CN=Domain Computers,CN=Users;DC=topcall,DC=inc;topcall.inc
PC-088;192.168.1.88;CN=Domain Computers,CN=Users;DC=topcall,DC=inc;topcall.inc
PC-089;192.168.1.89;CN=Domain Computers,CN=Users;DC=topcall,DC=inc;topcall.inc
PC-090;192.168.1.90;CN=Domain Computers,CN=Users;DC=topcall,DC=inc;topcall.inc
PC-091;192.168.1.91;CN=Domain Computers,CN=Users;DC=topcall,DC=inc;topcall.inc
PC-092;192.168.1.92;CN=Domain Computers,CN=Users;DC=topcall,DC=inc;topcall.inc
PC-093;192.168.1.93;CN=Domain Computers,CN=Users;DC=topcall,DC=inc;topcall.inc
PC-094;192.168.1.94;CN=Domain Computers,CN=Users;DC=topcall,DC=inc;topcall.inc
PC-095;192.168.1.95;CN=Domain Computers,CN=Users;DC=topcall,DC=inc;topcall.inc
PC-096;192.168.1.96;CN=Domain Computers,CN=Users;DC=topcall,DC=inc;topcall.inc
PC-097;192.168.1.97;CN=Domain Computers,CN=Users;DC=topcall,DC=inc;topcall.inc
PC-098;192.168.1.98;CN=Domain Computers,CN=Users;DC=topcall,DC=inc;topcall.inc
PC-099;192.168.1.99;CN=Domain Computers,CN=Users;DC=topcall,DC=inc;topcall.inc
PC-100;192.168.1.100;CN=Domain Computers,CN=Users;DC=topcall,DC=inc;topcall.inc
PC-101;192.168.1.101;CN=Domain Computers,CN=Users;DC=topcall,DC=inc;topcall.inc
PC-102;192.168.1.102;CN=Domain Computers,CN=Users;DC=topcall,DC=inc;topcall.inc
PC-103;192.168.1.103;CN=Domain Computers,CN=Users;DC=topcall,DC=inc;topcall.inc
PC-104;192.168.1.104;CN=Domain Computers,CN=Users;DC=topcall,DC=inc;topcall.inc
PC-105;192.168.1.105;CN=Domain Computers,CN=Users;DC=topcall,DC=inc;topcall.inc
PC-106;192.168.1.106;CN=Domain Computers,CN=Users;DC=topcall,DC=inc;topcall.inc
PC-107;192.168.1.107;CN=Domain Computers,CN=Users;DC=topcall,DC=inc;topcall.inc
PC-108;192.168.1.108;CN=Domain Computers,CN=Users;DC=topcall,DC=inc;topcall.inc
PC-109;192.168.1.109;CN=Domain Computers,CN=Users;DC=topcall,DC=inc;topcall.inc
PC-110;192.168.1.110;CN=Domain Computers,CN=Users;DC=topcall,DC=inc;topcall.inc
PC-111;192.168.1.111;CN=Domain Computers,CN=Users;DC=topcall,DC=inc;topcall.inc
PC-112;192.168.1.112;CN=Domain Computers,CN=Users;DC=topcall,DC=inc;topcall.inc
PC-119;192.168.1.119;CN=Domain Computers,CN=Users;DC=topcall,DC=inc;topcall.inc
PC-120;192.168.1.120;CN=Domain Computers,CN=Users;DC=topcall,DC=inc;topcall.inc
PC-121;192.168.1.121;CN=Domain Computers,CN=Users;DC=topcall,DC=inc;topcall.inc
PC-122;192.168.1.122;CN=Domain Computers,CN=Users;DC=topcall,DC=inc;topcall.inc
PC-123;192.168.1.123;CN=Domain Computers,CN=Users;DC=topcall,DC=inc;topcall.inc
PC-124;192.168.1.124;CN=Domain Computers,CN=Users;DC=topcall,DC=inc;topcall.inc
PC-125;192.168.1.125;CN=Domain Computers,CN=Users;DC=topcall,DC=inc;topcall.inc
PC-126;192.168.1.126;CN=Domain Computers,CN=Users;DC=topcall,DC=inc;topcall.inc
PC-127;192.168.1.127;CN=Domain Computers,CN=Users;DC=topcall,DC=inc;topcall.inc
PC-128;192.168.1.128;CN=Domain Computers,CN=Users;DC=topcall,DC=inc;topcall.inc
PC-129;192.168.1.129;CN=Domain Computers,CN=Users;DC=topcall,DC=inc;topcall.inc
PC-130;192.168.1.130;CN=Domain Computers,CN=Users;DC=topcall,DC=inc;topcall.inc
PC-131;192.168.1.131;CN=Domain Computers,CN=Users;DC=topcall,DC=inc;topcall.inc
PC-132;192.168.1.132;CN=Domain Computers,CN=Users;DC=topcall,DC=inc;topcall.inc
PC-133;192.168.1.133;CN=Domain Computers,CN=Users;DC=topcall,DC=inc;topcall.inc
PC-134;192.168.1.134;CN=Domain Computers,CN=Users;DC=topcall,DC=inc;topcall.inc
PC-135;192.168.1.135;CN=Domain Computers,CN=Users;DC=topcall,DC=inc;topcall.inc
PC-136;192.168.1.136;CN=Domain Computers,CN=Users;DC=topcall,DC=inc;topcall.inc
PC-137;192.168.1.137;CN=Domain Computers,CN=Users;DC=topcall,DC=inc;topcall.inc
PC-138;192.168.1.138;CN=Domain Computers,CN=Users;DC=topcall,DC=inc;topcall.inc
